{
  "mutual funds": {
    "holder": 0.25
  },
  "quartz": {
    "user": 0.3333333333333333
  },
  "rollercoaster": {
    "maker": 0.3333333333333333
  }
}