{
  "all mass": {
    "attracter": 0.25
  },
  "mutual funds": {
    "holder": 0.25
  },
  "parties": {
    "holder on": 0.3333333333333333
  },
  "quartz": {
    "user": 0.3333333333333333
  },
  "rollercoaster": {
    "maker": 0.3333333333333333
  }
}