{
  "all mass": {
    "attracter": 0.25
  },
  "biopsy": {
    "user especially": 0.25
  },
  "cabin": {
    "finder": 0.3333333333333333
  },
  "calories": {
    "obtainer": 0.3333333333333333
  },
  "cci ammunition": {
    "maker": 0.3333333333333333
  },
  "champagne": {
    "maker": 0.3333333333333333
  },
  "different herbs": {
    "user": 0.25
  },
  "echinacea": {
    "extracter": 0.25
  },
  "examples": {
    "givener": 0.25
  },
  "fountain pen": {
    "filler": 0.3333333333333333
  },
  "harness": {
    "finder": 0.3333333333333333
  },
  "letter opener": {
    "user": 0.3333333333333333
  },
  "losing virginity": {
    "overrater": 1
  },
  "many dishes": {
    "server": 0.3333333333333333
  },
  "modem": {
    "attacher": 0.3333333333333333
  },
  "mutual funds": {
    "holder": 0.25
  },
  "ni cd batteries": {
    "recharger": 1
  },
  "nightwatchmen": {
    "finder": 0.3333333333333333
  },
  "oils": {
    "user": 0.25
  },
  "one thing": {
    "maker": 0.25
  },
  "others": {
    "hearer": 0.2
  },
  "parties": {
    "holder on": 0.3333333333333333
  },
  "quartz": {
    "user": 0.3333333333333333
  },
  "rollercoaster": {
    "maker": 0.3333333333333333
  },
  "seas": {
    "filler": 0.3333333333333333
  },
  "spiral": {
    "explainer": 0.2
  },
  "vegetables": {
    "cooker": 1,
    "eater": 0.3333333333333333,
    "grower": 0.2,
    "marinater": 1,
    "server at most": 0.25,
    "server": 0.3333333333333333,
    "steamer": 1
  },
  "wild animal fur": {
    "maker": 0.3333333333333333
  }
}