{
  "all mass": {
    "attracter": 0.25
  },
  "biopsy": {
    "user especially": 0.25
  },
  "calories": {
    "obtainer": 0.3333333333333333
  },
  "harness": {
    "finder": 0.3333333333333333
  },
  "letter opener": {
    "user": 0.3333333333333333
  },
  "mutual funds": {
    "holder": 0.25
  },
  "parties": {
    "holder on": 0.3333333333333333
  },
  "quartz": {
    "user": 0.3333333333333333
  },
  "rollercoaster": {
    "maker": 0.3333333333333333
  },
  "seas": {
    "filler": 0.3333333333333333
  }
}